subclass,counter
person,5284
omnivore,5277
natural person,5277
mammal,5277
individual animal,5277
city,525
municipality,195
open water,166
political territorial entity,163
city or town,161
urban settlement,158
territory,152
stream,150
group or class of living things,150
second-level administrative division,149
natural geographic object,147
elevation,146
settlement,121
fourth-level administrative division,117
"city, town or village of Japan",115
character,103
administrative territorial entity of the Czech Republic,80
statutory corporation,74
obec,74
imaginary human,65
fictional primate,65
fictional person,65
fictional humanoid,65
deity,61
organization,56
electoral unit,55
landform,54
LAU 2,49
territorial collectivity of France,46
physical location,45
fifth-level administrative division,42
commune,42
group of humans,40
first-level administrative division,38
geographical feature,37
region,36
legal form,34
local government,33
higher education institution,33
geographic location,33
administrative territorial entity of Finland,33
administrative territorial entity,33
prefecture-level division,32
university,31
administrative territorial entity of Japan,31
state,29
province-level division,29
landmass,29
juridical person,29
academic institution,29
Greek nymph,29
town,28
social system,27
person or organization,27
corporate body,27
complex system,27
regime,26
province,26
geolocatable entity,23
populated place,22
group of structures or buildings,22
public educational institution,20
group,20
rural settlement,19
nonprofit organization,19
population group,18
musical theatre character,18
imaginary character,18
federated state,18
urban area,17
still waters,17
prefecture,17
ordinary local public entity,17
urban area in Nordic countries,16
statistical territorial entity,16
overground still body of fresh water,16
list,16
economic entity,16
point of interest,15
moral quality,15
human settlement,15
Wikimedia internal item,15
Oceanids,15
Greek water deities,15
research university,14
public university,14
mountain range,14
locality,14
ecosystem,14
regional center of Germany,13
private educational institution,13
non-geologically related mountain range,13
human whose existence is disputed,13
habitat,13
figure of speech,13
artistic theme,13
abstract being,13
Wikimedia article page,13
republic,12
musical work/composition,12
dramatic work,12
city-state,12
census subdivision,12
ancient city,12
populated place in Ukraine,11
mythical entity,11
field of study,11
communications media,11
central place,11
urban-type settlement,10
publication,10
former administrative territorial entity,10
biblical character,10
type,9
third-level administrative division,9
serial,9
giant,9
character that may or may not be fictional,9
architectural structure,9
administrative territorial entity of Austria,9
Greek deity,9
waterwoman,8
protected area,8
natural heritage,8
natural geographic entity,8
literary character,8
intellectual work,8
county-level division,8
biome,8
architectural ensemble,8
administrative territorial entity of the People's Republic of China,8
administrative territorial entity of Spain,8
NUTS 3 statistical territorial entity,8
third-order administrative division,7
section of populated place,7
mythical character,7
municipio,7
literary work,7
human-geographic territorial entity,7
first-level NUTS of the European Union,7
facility,7
building,7
artificial object,7
art genre,7
administrative territorial entity of the United States,7
administrative divisions of Germany,7
village,6
trade magazine,6
social organization,6
single entity of population,6
populated place nucleus,6
non-governmental organization,6
mythological Greek character,6
mythical human-animal hybrid,6
mountain,6
military operation,6
member state,6
journal,6
integer,6
democracy,6
club,6
city district,6
urban municipality,5
scientific publication,5
railway station,5
programming language,5
powiat,5
national park,5
mythic humanoid,5
musical work,5
monarchy,5
landscape,5
historical event,5
fortification,5
federal system,5
entity,5
country,5
city of Japan,5
big city,5
academic journal,5
Hindu deity,5
Bezirk,5
区,4
work of art,4
work,4
type of social group,4
trail blazing,4
subsidiary entity,4
station,4
spirit of nature,4
special administrative region,4
social position,4
set of physical objects,4
public reserve,4
political union,4
periodical,4
park,4
occupation,4
nature park,4
municipal part,4
manorialism,4
little people,4
legendary progenitor,4
kindred,4
joint-stock company,4
institution,4
human language,4
government organization,4
goddess,4
geographically localized event,4
geographical area,4
food,4
fiefdom,4
fictional human,4
federation,4
executive branch,4
epithet,4
enterprise,4
dwelling place,4
drylands,4
direct-controlled municipality,4
description,4
department,4
combat,4
collective agent,4
class,4
civil engineering construction,4
business,4
being,4
band,4
autonomous administrative territorial entity of China,4
autonomous administrative territorial entity,4
armed conflict,4
Star Trek character,4
NUTS 2 statistical territorial entity,4
written work,3
watercraft,3
three-masted ship,3
television program,3
social science,3
small Solar System body,3
series of creative works,3
science,3
ruins,3
research institute,3
repunit,3
public transport stop,3
process,3
print-native publication,3
planning,3
non-negative integer,3
non-fiction work,3
neighborhood in Japan,3
natural number,3
mythical animal,3
music organization,3
minor planet,3
manor house,3
legendary figure,3
legal person,3
instrumental ensemble,3
human uses of reptiles,3
hazard,3
geographic entity,3
fictional humanoid extraterrestrial,3
fictional felids,3
era name,3
educational organization,3
district,3
company,3
collective entity,3
castle,3
capital city,3
branch of science,3
assemblage,3
Cunningham number,3
water area,2
verse poetry,2
type of work of art,2
tourist attraction,2
title of a particular person or being,2
theatrical character,2
television character,2
telescope,2
system software,2
submarine,2
style,2
structure of worship,2
special local public entity,2
space program,2
shore,2
service provider,2
secondary source,2
scientific name,2
science and technology,2
sailing ship,2
repunit prime,2
religious complex,2
religious character,2
religious building,2
rational number,2
railway facility,2
rail transport station,2
quarter,2
quality,2
pädagogische Einrichtung,2
protected area of the Czech Republic,2
property,2
product,2
private not-for-profit educational institution,2
prime number,2
positive real number,2
positive integer,2
position,2
populated place of Bulgaria,2
polygonal number,2
poetry,2
personal testimonial,2
performing arts genre,2
orders of magnitude,2
operating control point,2
notebook,2
newspaper,2
neighborhood,2
national nature reserve,2
narrative poetry,2
mythical hybrid,2
museum of culture,2
museum,2
municipality of Japan,2
monarch,2
mass media,2
limited-stop train service,2
lifelog,2
languoid,2
laboratory,2
kraj,2
knowledge system,2
international organization,2
institutional complex,2
independent city of Germany,2
house,2
history of ancient Rome,2
head of state,2
halfling,2
group or class of chemical entities,2
genre,2
garden,2
fortune teller,2
former geographical object,2
fictional landform,2
fictional animal character,2
federal territory,2
epic literature,2
ecclesiastical university,2
dragon,2
depression,2
dependent territory,2
college,2
collection,2
chemical substance,2
cell class,2
aza,2
award,2
artificial language,2
area,2
animated character,2
anatomical structure type,2
amphibious warfare,2
administrative territorial entity of ancient Rome,2
administrative territorial entity of Ukraine,2
administrative territorial entity of Greece,2
academic discipline,2
United States federal agency,2
Roman city,2
Middle-earth man,2
Mersenne number with prime index,2
MediaWiki non-main namespace page,2
Marian devotion,2
Catholic university,2
written news media,1
writer's mask,1
word or phrase,1
waterway,1
watercraft type,1
watercourse,1
village in the United States,1
urban agglomeration,1
upper world,1
university in Alberta,1
unitary state,1
underwater vehicle,1
underbone,1
two-wheeler,1
trio,1
triad,1
tree spirit,1
transport structure,1
train service,1
tower,1
topic,1
thoroughfare,1
tale,1
symbol,1
surname,1
supernatural beings in Slavic folklore,1
supernatural being,1
summit,1
subterranea,1
subject of international law,1
subdivisions of Catalonia,1
structure located on surface,1
strict nature reserve,1
steam-powered vessel,1
statistical territorial entity of Portugal,1
station located on surface,1
states and union territories of India,1
state in the Holy Roman Empire,1
square-free integer,1
square,1
spirit,1
specialized educational institution,1
sovereign state,1
social group,1
social conflict,1
sloop-of-war,1
sign,1
sibling group,1
shrine,1
show garden,1
shop,1
ship,1
set of religion characters,1
sequence,1
semantic unit,1
schooner,1
school grounds,1
school,1
scenic viewpoint,1
sanctuary,1
sailboat,1
rowing boat,1
roll,1
river,1
research vessel,1
religious site,1
religious organization,1
religious corporation,1
religious community,1
reflecting telescope,1
reference work entry,1
reference work,1
railway line,1
radio telescope,1
radio communication station,1
qualia,1
public transportation terminus,1
public research university,1
public institution,1
pseudonym,1
proposition,1
product model,1
principality,1
prime element,1
prefecture of Japan,1
political organization,1
pirogue,1
physico-geographical object,1
personification,1
persona,1
performing arts building,1
perfect power,1
pen name,1
pattern of behavior,1
pattern,1
passing loop,1
passenger train service,1
particular anatomical entity,1
parliamentary republic,1
paid time off,1
oronym,1
order,1
orchestra,1
okrug,1
nuclear-powered watercraft,1
non-working day,1
naval vessel,1
nature reserve,1
national symbol,1
mythical location,1
mythical creature,1
myth,1
music venue,1
museum building,1
municipality of Spain,1
municipal government in Canada,1
motorcycle based vehicle,1
monument,1
model series,1
mirabilia,1
metropolis,1
metaclass,1
mental state,1
memorial,1
media museum,1
market town,1
magazine & newspaper,1
low spot,1
logo,1
literature,1
literary genre,1
literary form,1
lifestance organisation,1
liberal arts college,1
legendary bird,1
language group,1
land waters,1
lake,1
knowledge type,1
knowledge organization system,1
intentional human activity,1
institute of technology,1
information,1
immortal,1
identifier,1
hydraulic structure,1
human race,1
holiday,1
hobby,1
hill,1
higher polytechnic institute,1
harbor,1
hall,1
group of works,1
green space,1
goods,1
god,1
glacial landform,1
geotope,1
geomorphological unit,1
funerary structure,1
foundation,1
fortified settlement,1
format,1
form of event,1
fixed construction,1
fictional vehicle,1
fictional reptile,1
fictional organism,1
fictional object,1
fictional locality,1
fictional creature,1
fictional building,1
fictional administrative territorial entity,1
fictional Canis,1
festival,1
fallen angel,1
eutrophic lake,1
electronic device model,1
educational institution,1
educational facility,1
dryad,1
drinking establishment,1
domesticated mammal,1
designation,1
data set,1
cultural artifact,1
creative work,1
crater,1
county,1
countship,1
corporation in Japan,1
corporation,1
content,1
concelho,1
computer language,1
computer,1
clan,1
city of the Philippines,1
city in Canada,1
chartered company,1
charitable organization,1
bulk carrier,1
bridge,1
body of water,1
basin,1
autonomous university,1
autonomous community of Spain,1
astronomy,1
artificial physical structure,1
article,1
art style,1
art institution,1
anthroponym,1
angels in Christianity,1
angel in Judaism,1
angel in Islam,1
anatomical collection,1
allegorical story,1
administrative territorial entity of Sweden,1
administrative territorial entity of Serbia,1
administrative territorial entity of Portugal,1
administrative territorial entity of New York,1
administrative divisions of Russia,1
academic award,1
abstract object,1
abstract entity,1
abandoned village,1
abandoned entity,1
Ortsteil,1
Norse mythical character,1
National Park System unit,1
LAU 1,1
Indic mythology,1
India Company,1
GLAM,1
Epigean,1
Bahntrasse,1
